intg_id,intg_cat1,intg_cat2,intg_cat3,intg_cat4
C01_CLTH_001,의류,여성의류,티셔츠,솔리드/무지
C01_CLTH_002,의류,여성의류,티셔츠,패턴/체크/스트라이프
C01_CLTH_003,의류,여성의류,티셔츠,탑/민소매
C01_CLTH_004,의류,여성의류,티셔츠,루즈핏/박스/롱
C01_CLTH_005,의류,여성의류,티셔츠,기타티셔츠
C01_CLTH_006,의류,여성의류,블라우스/셔츠,기본/솔리드/무지
C01_CLTH_007,의류,여성의류,블라우스/셔츠,패턴/체크/스트라이프
C01_CLTH_008,의류,여성의류,블라우스/셔츠,탑/민소매/오프숄더
C01_CLTH_009,의류,여성의류,블라우스/셔츠,루즈핏/롱
C01_CLTH_010,의류,여성의류,블라우스/셔츠,쉬폰/레이스/실크
C01_CLTH_011,의류,여성의류,블라우스/셔츠,기타블라우스/셔츠
C01_CLTH_012,의류,여성의류,니트/스웨터/가디건,기본니트/스웨터
C01_CLTH_013,의류,여성의류,니트/스웨터/가디건,기본가디건/베스트
C01_CLTH_014,의류,여성의류,니트/스웨터/가디건,루즈핏/롱
C01_CLTH_015,의류,여성의류,니트/스웨터/가디건,카라/폴라/터틀넥
C01_CLTH_016,의류,여성의류,니트/스웨터/가디건,기타니트/스웨터/가디건
C01_CLTH_017,의류,여성의류,원피스,기본/정장
C01_CLTH_018,의류,여성의류,원피스,민소매/반팔/미니
C01_CLTH_019,의류,여성의류,원피스,쉬폰/레이스
C01_CLTH_020,의류,여성의류,원피스,니트/모직/트위드
C01_CLTH_021,의류,여성의류,원피스,기타원피스
C01_CLTH_022,의류,여성의류,스커트,기본/정장
C01_CLTH_023,의류,여성의류,스커트,H라인
C01_CLTH_024,의류,여성의류,스커트,A라인/플레어
C01_CLTH_025,의류,여성의류,스커트,미디/미니
C01_CLTH_026,의류,여성의류,스커트,기타스커트
C01_CLTH_027,의류,여성의류,팬츠,기본/정장/슬랙스
C01_CLTH_028,의류,여성의류,팬츠,반바지
C01_CLTH_029,의류,여성의류,팬츠,스키니/레깅스/제깅스
C01_CLTH_030,의류,여성의류,팬츠,청/데님
C01_CLTH_031,의류,여성의류,팬츠,면/폴리
C01_CLTH_032,의류,여성의류,팬츠,기타팬츠
C01_CLTH_033,의류,여성의류,코트,트렌치
C01_CLTH_034,의류,여성의류,코트,롱
C01_CLTH_035,의류,여성의류,코트,하프/숏/피
C01_CLTH_036,의류,여성의류,코트,패딩/다운/퍼
C01_CLTH_037,의류,여성의류,코트,울/캐시미어
C01_CLTH_038,의류,여성의류,코트,가죽/모피
C01_CLTH_039,의류,여성의류,코트,기타코트
C01_CLTH_040,의류,여성의류,재킷/점퍼,기본/정장
C01_CLTH_041,의류,여성의류,재킷/점퍼,캐주얼/후드/집업
C01_CLTH_042,의류,여성의류,재킷/점퍼,야상/사파리/항공
C01_CLTH_043,의류,여성의류,재킷/점퍼,패딩/다운
C01_CLTH_044,의류,여성의류,재킷/점퍼,청/데님
C01_CLTH_045,의류,여성의류,재킷/점퍼,가죽/라이더
C01_CLTH_046,의류,여성의류,재킷/점퍼,기타재킷/점퍼
C01_CLTH_047,의류,여성의류,테마의류,정장/드레스세트
C01_CLTH_048,의류,여성의류,테마의류,트레이닝/기타
C01_CLTH_049,의류,남성의류,티셔츠,긴팔
C01_CLTH_050,의류,남성의류,티셔츠,반팔/민소매
C01_CLTH_051,의류,남성의류,티셔츠,루즈핏/박스/롱
C01_CLTH_052,의류,남성의류,티셔츠,피케/카라
C01_CLTH_053,의류,남성의류,티셔츠,맨투맨/후드
C01_CLTH_054,의류,남성의류,티셔츠,기타티셔츠
C01_CLTH_055,의류,남성의류,셔츠/남방,기본/솔리드/무지
C01_CLTH_056,의류,남성의류,셔츠/남방,패턴/체크/스트라이프
C01_CLTH_057,의류,남성의류,셔츠/남방,정장/드레스
C01_CLTH_058,의류,남성의류,셔츠/남방,기타셔츠/남방
C01_CLTH_059,의류,남성의류,니트/스웨터/가디건,기본니트/스웨터
C01_CLTH_060,의류,남성의류,니트/스웨터/가디건,기본가디건/베스트
C01_CLTH_061,의류,남성의류,니트/스웨터/가디건,루즈핏/롱
C01_CLTH_062,의류,남성의류,니트/스웨터/가디건,카라/폴라/터틀넥
C01_CLTH_063,의류,남성의류,니트/스웨터/가디건,기타니트/스웨터/가디건
C01_CLTH_064,의류,남성의류,팬츠,기본/정장/슬랙스
C01_CLTH_065,의류,남성의류,팬츠,반바지
C01_CLTH_066,의류,남성의류,팬츠,청/데님
C01_CLTH_067,의류,남성의류,팬츠,면/폴리
C01_CLTH_068,의류,남성의류,팬츠,기타팬츠
C01_CLTH_069,의류,남성의류,코트,트렌치/맥
C01_CLTH_070,의류,남성의류,코트,롱
C01_CLTH_071,의류,남성의류,코트,하프/숏/피
C01_CLTH_072,의류,남성의류,코트,패딩/다운/퍼
C01_CLTH_073,의류,남성의류,코트,울/캐시미어
C01_CLTH_074,의류,남성의류,코트,가죽/모피
C01_CLTH_075,의류,남성의류,코트,기타코트
C01_CLTH_076,의류,남성의류,재킷/점퍼,기본/정장
C01_CLTH_077,의류,남성의류,재킷/점퍼,캐주얼/후드/집업
C01_CLTH_078,의류,남성의류,재킷/점퍼,야상/사파리/항공
C01_CLTH_079,의류,남성의류,재킷/점퍼,패딩/다운
C01_CLTH_080,의류,남성의류,재킷/점퍼,청/데님
C01_CLTH_081,의류,남성의류,재킷/점퍼,가죽/라이더
C01_CLTH_082,의류,남성의류,재킷/점퍼,기타재킷/점퍼
C01_CLTH_083,의류,남성의류,정장세트,원버튼
C01_CLTH_084,의류,남성의류,정장세트,투/쓰리버튼
C01_CLTH_085,의류,남성의류,정장세트,기타정장세트
C01_CLTH_086,의류,남성의류,테마의류,트레이닝/기타
C01_CLTH_087,의류,유니섹스,티셔츠,솔리드/무지
C01_CLTH_088,의류,유니섹스,티셔츠,패턴/체크/스트라이프
C01_CLTH_089,의류,유니섹스,티셔츠,탑/민소매
C01_CLTH_090,의류,유니섹스,티셔츠,루즈핏/박스/롱
C01_CLTH_091,의류,유니섹스,티셔츠,기타티셔츠
C01_CLTH_092,의류,유니섹스,블라우스/셔츠/남방,기본/솔리드/무지
C01_CLTH_093,의류,유니섹스,블라우스/셔츠/남방,패턴/체크/스트라이프
C01_CLTH_094,의류,유니섹스,블라우스/셔츠/남방,정장/드레스
C01_CLTH_095,의류,유니섹스,블라우스/셔츠/남방,청/데님
C01_CLTH_096,의류,유니섹스,블라우스/셔츠/남방,기타블라우스/셔츠/남방
C01_CLTH_097,의류,유니섹스,니트/스웨터/가디건,기본니트/스웨터
C01_CLTH_098,의류,유니섹스,니트/스웨터/가디건,기본가디건/베스트
C01_CLTH_099,의류,유니섹스,니트/스웨터/가디건,루즈핏/롱
C01_CLTH_100,의류,유니섹스,니트/스웨터/가디건,카라/폴라/터틀넥
C01_CLTH_101,의류,유니섹스,니트/스웨터/가디건,기타니트/스웨터/가디건
C01_CLTH_102,의류,유니섹스,원피스,기본/정장
C01_CLTH_103,의류,유니섹스,원피스,민소매/반팔/미니
C01_CLTH_104,의류,유니섹스,원피스,쉬폰/레이스
C01_CLTH_105,의류,유니섹스,원피스,니트/모직/트위드
C01_CLTH_106,의류,유니섹스,원피스,기타원피스
C01_CLTH_107,의류,유니섹스,스커트,기본/정장
C01_CLTH_108,의류,유니섹스,스커트,H라인
C01_CLTH_109,의류,유니섹스,스커트,A라인/플레어
C01_CLTH_110,의류,유니섹스,스커트,미디/미니
C01_CLTH_111,의류,유니섹스,스커트,기타스커트
C01_CLTH_112,의류,유니섹스,팬츠,기본
C01_CLTH_113,의류,유니섹스,팬츠,반바지
C01_CLTH_114,의류,유니섹스,팬츠,스키니/레깅스/제깅스
C01_CLTH_115,의류,유니섹스,팬츠,청/데님
C01_CLTH_116,의류,유니섹스,팬츠,면/폴리
C01_CLTH_117,의류,유니섹스,팬츠,기타팬츠
C01_CLTH_118,의류,유니섹스,코트,트렌치
C01_CLTH_119,의류,유니섹스,코트,롱
C01_CLTH_120,의류,유니섹스,코트,하프/숏/피
C01_CLTH_121,의류,유니섹스,코트,기타코트
C01_CLTH_122,의류,유니섹스,재킷/점퍼,기본/정장
C01_CLTH_123,의류,유니섹스,재킷/점퍼,캐주얼/후드/집업
C01_CLTH_124,의류,유니섹스,재킷/점퍼,야상/사파리/항공
C01_CLTH_125,의류,유니섹스,재킷/점퍼,바람막이/야구/스포티
C01_CLTH_126,의류,유니섹스,재킷/점퍼,패딩/다운
C01_CLTH_127,의류,유니섹스,재킷/점퍼,청/데님
C01_CLTH_128,의류,유니섹스,재킷/점퍼,기타재킷/점퍼
C01_CLTH_129,의류,유니섹스,테마의류,트레이닝/기타
C01_CLTH_130,의류,언더웨어,여성언더웨어,브라
C01_CLTH_131,의류,언더웨어,여성언더웨어,팬티
C01_CLTH_132,의류,언더웨어,여성언더웨어,브라/팬티세트/내복
C01_CLTH_133,의류,언더웨어,여성언더웨어,보정/기능성웨어
C01_CLTH_134,의류,언더웨어,여성언더웨어,잠옷/홈웨어/이지웨어
C01_CLTH_135,의류,언더웨어,여성언더웨어,런닝/캐미솔/슬립/가운
C01_CLTH_136,의류,언더웨어,남성언더웨어,런닝
C01_CLTH_137,의류,언더웨어,남성언더웨어,팬티
C01_CLTH_138,의류,언더웨어,남성언더웨어,런닝/팬티세트/내복
C01_CLTH_139,의류,언더웨어,남성언더웨어,잠옷/홈웨어/이지웨어
C01_CLTH_140,의류,언더웨어,기타언더웨어,커플잠옷/홈웨어
C02_SPRT_001,스포츠/레저,스포츠/헬스/요가,의류,여성스포츠/헬스/요가복
C02_SPRT_002,스포츠/레저,스포츠/헬스/요가,의류,남성스포츠/헬스/요가복
C02_SPRT_003,스포츠/레저,스포츠/헬스/요가,용품/잡화,스포츠신발
C02_SPRT_004,스포츠/레저,스포츠/헬스/요가,용품/잡화,스포츠가방
C02_SPRT_005,스포츠/레저,스포츠/헬스/요가,용품/잡화,헬스/운동기구
C02_SPRT_006,스포츠/레저,스포츠/헬스/요가,용품/잡화,요가용품
C02_SPRT_007,스포츠/레저,스포츠/헬스/요가,용품/잡화,스포츠/헬스용품
C02_SPRT_008,스포츠/레저,골프,의류,여성골프의류
C02_SPRT_009,스포츠/레저,골프,의류,남성골프의류
C02_SPRT_010,스포츠/레저,골프,용품/잡화,골프화
C02_SPRT_011,스포츠/레저,골프,용품/잡화,골프가방
C02_SPRT_012,스포츠/레저,골프,용품/잡화,골프채/클럽
C02_SPRT_013,스포츠/레저,골프,용품/잡화,골프용품
C02_SPRT_014,스포츠/레저,등산/캠핑/자동차,의류,여성아웃도어
C02_SPRT_015,스포츠/레저,등산/캠핑/자동차,의류,남성아웃도어
C02_SPRT_016,스포츠/레저,등산/캠핑/자동차,용품/잡화,등산화
C02_SPRT_017,스포츠/레저,등산/캠핑/자동차,용품/잡화,등산백팩
C02_SPRT_018,스포츠/레저,등산/캠핑/자동차,용품/잡화,텐트
C02_SPRT_019,스포츠/레저,등산/캠핑/자동차,용품/잡화,낚시대
C02_SPRT_020,스포츠/레저,등산/캠핑/자동차,용품/잡화,등산용품
C02_SPRT_021,스포츠/레저,등산/캠핑/자동차,용품/잡화,캠핑용품
C02_SPRT_022,스포츠/레저,등산/캠핑/자동차,용품/잡화,낚시용품
C02_SPRT_023,스포츠/레저,등산/캠핑/자동차,용품/잡화,자동차용품
C02_SPRT_024,스포츠/레저,수영/스키,의류,여성수영복
C02_SPRT_025,스포츠/레저,수영/스키,의류,여성래쉬가드/비치웨어
C02_SPRT_026,스포츠/레저,수영/스키,의류,남성수영복
C02_SPRT_027,스포츠/레저,수영/스키,의류,남성래쉬가드/비치웨어
C02_SPRT_028,스포츠/레저,수영/스키,의류,스키/보드복
C02_SPRT_029,스포츠/레저,수영/스키,용품/잡화,아쿠아슈즈
C02_SPRT_030,스포츠/레저,수영/스키,용품/잡화,수영용품
C02_SPRT_031,스포츠/레저,수영/스키,용품/잡화,튜브/물놀이용품
C02_SPRT_032,스포츠/레저,수영/스키,용품/잡화,스키/보드장비
C02_SPRT_033,스포츠/레저,수영/스키,용품/잡화,스키/보드용품
C02_SPRT_034,스포츠/레저,자전거/익스트림/구기,의류,라이딩의류
C02_SPRT_035,스포츠/레저,자전거/익스트림/구기,용품/잡화,자전거
C02_SPRT_036,스포츠/레저,자전거/익스트림/구기,용품/잡화,인라인/보드
C02_SPRT_037,스포츠/레저,자전거/익스트림/구기,용품/잡화,전동/익스트림기구
C02_SPRT_038,스포츠/레저,자전거/익스트림/구기,용품/잡화,라이딩용품
C02_SPRT_039,스포츠/레저,자전거/익스트림/구기,용품/잡화,야구용품
C02_SPRT_040,스포츠/레저,자전거/익스트림/구기,용품/잡화,테니스/배드민턴용품
C02_SPRT_041,스포츠/레저,자전거/익스트림/구기,용품/잡화,축구용품
C02_SPRT_042,스포츠/레저,자전거/익스트림/구기,용품/잡화,배구/농구/족구용품
C02_SPRT_043,스포츠/레저,자전거/익스트림/구기,용품/잡화,탁구/볼링/당구용품
C03_ACCS_001,패션잡화,가방,여성가방,숄더백/크로스백
C03_ACCS_002,패션잡화,가방,여성가방,토트백
C03_ACCS_003,패션잡화,가방,여성가방,쇼퍼백
C03_ACCS_004,패션잡화,가방,여성가방,클러치/파우치/미니백
C03_ACCS_005,패션잡화,가방,여성가방,백팩
C03_ACCS_006,패션잡화,가방,남성가방,서류가방
C03_ACCS_007,패션잡화,가방,남성가방,숄더백/크로스백
C03_ACCS_008,패션잡화,가방,남성가방,토트백
C03_ACCS_009,패션잡화,가방,남성가방,백팩
C03_ACCS_010,패션잡화,가방,남녀공용가방/소품,캐주얼백팩/배낭
C03_ACCS_011,패션잡화,가방,남녀공용가방/소품,숄더/크로스/토트백
C03_ACCS_012,패션잡화,가방,남녀공용가방/소품,에코백/힙색/소형가방
C03_ACCS_013,패션잡화,가방,남녀공용가방/소품,노트북가방/파우치
C03_ACCS_014,패션잡화,가방,남녀공용가방/소품,이민/유학용가방
C03_ACCS_015,패션잡화,가방,남녀공용가방/소품,캐리어
C03_ACCS_016,패션잡화,가방,남녀공용가방/소품,여권케이스/가방소품
C03_ACCS_017,패션잡화,지갑,여성지갑,반지갑
C03_ACCS_018,패션잡화,지갑,여성지갑,중지갑
C03_ACCS_019,패션잡화,지갑,여성지갑,장지갑
C03_ACCS_020,패션잡화,지갑,여성지갑,명함/카드지갑/머니클립
C03_ACCS_021,패션잡화,지갑,남성지갑,반지갑
C03_ACCS_022,패션잡화,지갑,남성지갑,중지갑
C03_ACCS_023,패션잡화,지갑,남성지갑,장지갑
C03_ACCS_024,패션잡화,지갑,남성지갑,명함/카드지갑/머니클립
C03_ACCS_025,패션잡화,지갑,기타지갑/소품,기타지갑/키홀더
C03_ACCS_026,패션잡화,신발,여성화,하이힐/펌프스
C03_ACCS_027,패션잡화,신발,여성화,플랫/로퍼/슬립온
C03_ACCS_028,패션잡화,신발,여성화,워커/부츠/부티
C03_ACCS_029,패션잡화,신발,여성화,샌들/슬리퍼/실내화
C03_ACCS_030,패션잡화,신발,여성화,여성캐주얼화
C03_ACCS_031,패션잡화,신발,남성화,정장화
C03_ACCS_032,패션잡화,신발,남성화,로퍼/슬립온
C03_ACCS_033,패션잡화,신발,남성화,워커/부츠
C03_ACCS_034,패션잡화,신발,남성화,샌들/슬리퍼/실내화
C03_ACCS_035,패션잡화,신발,남성화,남성캐주얼화
C03_ACCS_036,패션잡화,신발,남녀공용화/용품,스니커즈/캔버스
C03_ACCS_037,패션잡화,신발,남녀공용화/용품,슬립온
C03_ACCS_038,패션잡화,신발,남녀공용화/용품,런닝화/워킹화/운동화
C03_ACCS_039,패션잡화,신발,남녀공용화/용품,컴포트화/효도화
C03_ACCS_040,패션잡화,신발,남녀공용화/용품,신발용품
C03_ACCS_041,패션잡화,패션소품,벨트/멜빵,남성벨트/멜빵
C03_ACCS_042,패션잡화,패션소품,벨트/멜빵,여성벨트/멜빵
C03_ACCS_043,패션잡화,패션소품,섬유/패션소품,넥타이/넥타이핀/커프스
C03_ACCS_044,패션잡화,패션소품,섬유/패션소품,우산
C03_ACCS_045,패션잡화,패션소품,섬유/패션소품,양산/우양산/레인코트
C03_ACCS_046,패션잡화,패션소품,섬유/패션소품,야구/캡모자
C03_ACCS_047,패션잡화,패션소품,섬유/패션소품,썬캡/여름모자
C03_ACCS_048,패션잡화,패션소품,섬유/패션소품,비니/니트/기타모자
C03_ACCS_049,패션잡화,패션소품,섬유/패션소품,장갑
C03_ACCS_050,패션잡화,패션소품,섬유/패션소품,손수건/스카프
C03_ACCS_051,패션잡화,패션소품,섬유/패션소품,머플러/숄/기타
C03_ACCS_052,패션잡화,패션소품,섬유/패션소품,스타킹/타이즈
C03_ACCS_053,패션잡화,패션소품,섬유/패션소품,여성양말
C03_ACCS_054,패션잡화,패션소품,섬유/패션소품,남성양말
C03_ACCS_055,패션잡화,패션소품,안경류,안경테
C03_ACCS_056,패션잡화,패션소품,안경류,선글라스
C03_ACCS_057,패션잡화,패션소품,시계,남성시계
C03_ACCS_058,패션잡화,패션소품,시계,여성시계
C03_ACCS_059,패션잡화,패션소품,시계,남녀공용시계
C03_ACCS_060,패션잡화,보석/주얼리,순금/순은,순금귀걸이/반지/팔찌
C03_ACCS_061,패션잡화,보석/주얼리,순금/순은,순금목걸이/펜던트
C03_ACCS_062,패션잡화,보석/주얼리,순금/순은,순금골드바
C03_ACCS_063,패션잡화,보석/주얼리,순금/순은,순금/순은제품
C03_ACCS_064,패션잡화,보석/주얼리,귀걸이,금귀걸이
C03_ACCS_065,패션잡화,보석/주얼리,귀걸이,은귀걸이
C03_ACCS_066,패션잡화,보석/주얼리,귀걸이,패션귀걸이
C03_ACCS_067,패션잡화,보석/주얼리,귀걸이,진주귀걸이
C03_ACCS_068,패션잡화,보석/주얼리,귀걸이,다이아몬드/보석귀걸이
C03_ACCS_069,패션잡화,보석/주얼리,귀걸이,피어싱
C03_ACCS_070,패션잡화,보석/주얼리,목걸이/펜던트,금목걸이
C03_ACCS_071,패션잡화,보석/주얼리,목걸이/펜던트,은목걸이
C03_ACCS_072,패션잡화,보석/주얼리,목걸이/펜던트,패션목걸이
C03_ACCS_073,패션잡화,보석/주얼리,목걸이/펜던트,진주목걸이
C03_ACCS_074,패션잡화,보석/주얼리,목걸이/펜던트,다이아몬드/보석목걸이
C03_ACCS_075,패션잡화,보석/주얼리,목걸이/펜던트,커플목걸이/펜던트
C03_ACCS_076,패션잡화,보석/주얼리,반지,금/은반지
C03_ACCS_077,패션잡화,보석/주얼리,반지,패션반지
C03_ACCS_078,패션잡화,보석/주얼리,반지,진주반지
C03_ACCS_079,패션잡화,보석/주얼리,반지,다이아몬드/보석반지
C03_ACCS_080,패션잡화,보석/주얼리,반지,커플링
C03_ACCS_081,패션잡화,보석/주얼리,세트/남성용주얼리,금/은주얼리세트
C03_ACCS_082,패션잡화,보석/주얼리,세트/남성용주얼리,보석/패션주얼리세트
C03_ACCS_083,패션잡화,보석/주얼리,세트/남성용주얼리,남성용주얼리
C03_ACCS_084,패션잡화,보석/주얼리,팔지/발찌/브로치/소품,금팔찌/발찌
C03_ACCS_085,패션잡화,보석/주얼리,팔지/발찌/브로치/소품,은팔찌/발찌
C03_ACCS_086,패션잡화,보석/주얼리,팔지/발찌/브로치/소품,패션팔찌/발찌
C03_ACCS_087,패션잡화,보석/주얼리,팔지/발찌/브로치/소품,보석팔찌/발찌
C03_ACCS_088,패션잡화,보석/주얼리,팔지/발찌/브로치/소품,브로치/와펜
C03_ACCS_089,패션잡화,보석/주얼리,팔지/발찌/브로치/소품,보석/주얼리소품
C03_ACCS_090,패션잡화,보석/주얼리,헤어액세서리,헤어핀
C03_ACCS_091,패션잡화,보석/주얼리,헤어액세서리,헤어밴드
C03_ACCS_092,패션잡화,보석/주얼리,헤어액세서리,기타헤어액세서리
C04_CSMT_001,화장품/이미용품,화장품,스킨케어,스킨/토너/미스트
C04_CSMT_002,화장품/이미용품,화장품,스킨케어,로션/에멀젼
C04_CSMT_003,화장품/이미용품,화장품,스킨케어,에센스/앰플/오일
C04_CSMT_004,화장품/이미용품,화장품,스킨케어,크림
C04_CSMT_005,화장품/이미용품,화장품,스킨케어,마스크/팩
C04_CSMT_006,화장품/이미용품,화장품,스킨케어,클렌징/리무버/스크럽
C04_CSMT_007,화장품/이미용품,화장품,스킨케어,선케어
C04_CSMT_008,화장품/이미용품,화장품,스킨케어,기타스킨케어제품/기구
C04_CSMT_009,화장품/이미용품,화장품,메이크업,베이스메이크업
C04_CSMT_010,화장품/이미용품,화장품,메이크업,립/블러셔/하이라이터
C04_CSMT_011,화장품/이미용품,화장품,메이크업,아이/브로우메이크업
C04_CSMT_012,화장품/이미용품,화장품,메이크업,기타메이크업용품
C04_CSMT_013,화장품/이미용품,화장품,남성화장품,스킨케어/메이크업
C04_CSMT_014,화장품/이미용품,이미용품,헤어케어,샴푸/탈모샴푸
C04_CSMT_015,화장품/이미용품,이미용품,헤어케어,린스/컨디셔너
C04_CSMT_016,화장품/이미용품,이미용품,헤어케어,에센스/트리트먼트
C04_CSMT_017,화장품/이미용품,이미용품,헤어케어,기타헤어케어제품/기구
C04_CSMT_018,화장품/이미용품,이미용품,바디케어,바디로션/오일/미스트
C04_CSMT_019,화장품/이미용품,이미용품,바디케어,바디클렌저/스크럽/목욕
C04_CSMT_020,화장품/이미용품,이미용품,바디케어,핸드/풋/바스트/힙케어
C04_CSMT_021,화장품/이미용품,이미용품,바디케어,기타바디케어제품/기구
C04_CSMT_022,화장품/이미용품,이미용품,네일케어,매니큐어/젤네일/용품
C04_CSMT_023,화장품/이미용품,이미용품,향수/디퓨저/캔들,여성향수
C04_CSMT_024,화장품/이미용품,이미용품,향수/디퓨저/캔들,남성향수
C04_CSMT_025,화장품/이미용품,이미용품,향수/디퓨저/캔들,공용향수/미스트/세트
C04_CSMT_026,화장품/이미용품,이미용품,향수/디퓨저/캔들,디퓨저/방향제/캔들
C05_PRGN_001,임신/출산/유아동,임신/출산/신생아,임산부용품,임산부의류/잡화
C05_PRGN_002,임신/출산/유아동,임신/출산/신생아,임산부용품,임산부스킨/바디케어
C05_PRGN_003,임신/출산/유아동,임신/출산/신생아,신생아용품,신생아의류/잡화
C05_PRGN_004,임신/출산/유아동,임신/출산/신생아,신생아용품,신생아스킨/바디케어
C05_PRGN_005,임신/출산/유아동,임신/출산/신생아,신생아용품,목욕/위생용품
C05_PRGN_006,임신/출산/유아동,임신/출산/신생아,신생아용품,기저귀/물티슈/가방
C05_PRGN_007,임신/출산/유아동,임신/출산/신생아,신생아용품,수유용품
C05_PRGN_008,임신/출산/유아동,임신/출산/신생아,신생아용품,분유/이유식
C05_PRGN_009,임신/출산/유아동,임신/출산/신생아,신생아용품,이유용품
C05_PRGN_010,임신/출산/유아동,유아동,여아동의류,티셔츠
C05_PRGN_011,임신/출산/유아동,유아동,여아동의류,블라우스/남방
C05_PRGN_012,임신/출산/유아동,유아동,여아동의류,니트/가디건/베스트
C05_PRGN_013,임신/출산/유아동,유아동,여아동의류,원피스
C05_PRGN_014,임신/출산/유아동,유아동,여아동의류,스커트
C05_PRGN_015,임신/출산/유아동,유아동,여아동의류,바지
C05_PRGN_016,임신/출산/유아동,유아동,여아동의류,코트/재킷/점퍼
C05_PRGN_017,임신/출산/유아동,유아동,여아동의류,트레이닝/상하복세트
C05_PRGN_018,임신/출산/유아동,유아동,남아동의류,티셔츠
C05_PRGN_019,임신/출산/유아동,유아동,남아동의류,남방/셔츠
C05_PRGN_020,임신/출산/유아동,유아동,남아동의류,니트/가디건/베스트
C05_PRGN_021,임신/출산/유아동,유아동,남아동의류,바지
C05_PRGN_022,임신/출산/유아동,유아동,남아동의류,코트/재킷/점퍼
C05_PRGN_023,임신/출산/유아동,유아동,남아동의류,트레이닝/상하복세트
C05_PRGN_024,임신/출산/유아동,유아동,유아동공용의류,상의
C05_PRGN_025,임신/출산/유아동,유아동,유아동공용의류,하의
C05_PRGN_026,임신/출산/유아동,유아동,유아동공용의류,일체형/상하복세트/정장
C05_PRGN_027,임신/출산/유아동,유아동,유아동공용의류,수영복/비치웨어
C05_PRGN_028,임신/출산/유아동,유아동,유아동공용의류,발레/스키/보드복
C05_PRGN_029,임신/출산/유아동,유아동,유아동공용의류,백일/돌/한복/테마의류
C05_PRGN_030,임신/출산/유아동,유아동,유아동언더웨어,실내복/내의
C05_PRGN_031,임신/출산/유아동,유아동,유아동언더웨어,잠옷/수면조끼
C05_PRGN_032,임신/출산/유아동,유아동,유아동언더웨어,런닝/팬티
C05_PRGN_033,임신/출산/유아동,유아동,유아동언더웨어,브라/속치마
C05_PRGN_034,임신/출산/유아동,유아동,유아동패션잡화,가방
C05_PRGN_035,임신/출산/유아동,유아동,유아동패션잡화,신발/무릎보호대
C05_PRGN_036,임신/출산/유아동,유아동,유아동패션잡화,우산/우의/장화/방한화
C05_PRGN_037,임신/출산/유아동,유아동,유아동패션잡화,양말
C05_PRGN_038,임신/출산/유아동,유아동,유아동패션잡화,모자
C05_PRGN_039,임신/출산/유아동,유아동,유아동패션잡화,패션소품/앞치마
C05_PRGN_040,임신/출산/유아동,유아동,유아동도서/교구,유아도서
C05_PRGN_041,임신/출산/유아동,유아동,유아동도서/교구,아동도서
C05_PRGN_042,임신/출산/유아동,유아동,유아동도서/교구,초등도서
C05_PRGN_043,임신/출산/유아동,유아동,유아동도서/교구,학습지/참고서
C05_PRGN_044,임신/출산/유아동,유아동,유아동도서/교구,CD/DVD/일반도서
C05_PRGN_045,임신/출산/유아동,유아동,유아동도서/교구,칠판/학습용교구
C05_PRGN_046,임신/출산/유아동,유아동,유아동완구/용품,신생아/유아완구
C05_PRGN_047,임신/출산/유아동,유아동,유아동완구/용품,역할/인형완구
C05_PRGN_048,임신/출산/유아동,유아동,유아동완구/용품,블록/퍼즐/보드완구
C05_PRGN_049,임신/출산/유아동,유아동,유아동완구/용품,승용/대형/조종완구
C05_PRGN_050,임신/출산/유아동,유아동,유아동완구/용품,로봇/액션/조립완구
C05_PRGN_051,임신/출산/유아동,유아동,유아동완구/용품,스포츠/시즌완구
C05_PRGN_052,임신/출산/유아동,유아동,유아동완구/용품,유모차/붕붕카/웨건
C05_PRGN_053,임신/출산/유아동,유아동,유아동완구/용품,바운서/가구/침구
C05_PRGN_054,임신/출산/유아동,유아동,유아동완구/용품,매트/안전용품
C05_PRGN_055,임신/출산/유아동,유아동,유아동완구/용품,카시트/아기띠/기타용품
C06_FOOD_001,식품,신선식품,농산물,쌀/잡곡/혼합곡
C06_FOOD_002,식품,신선식품,농산물,과일/건과
C06_FOOD_003,식품,신선식품,농산물,채소/버섯/건조농산물
C06_FOOD_004,식품,신선식품,농산물,견과
C06_FOOD_005,식품,신선식품,수산물,생선/해산물
C06_FOOD_006,식품,신선식품,수산물,건어물/김/해초류
C06_FOOD_007,식품,신선식품,축산물,축산물
C06_FOOD_008,식품,즉석/가공식품,즉석식품,즉석밥/국/탕
C06_FOOD_009,식품,즉석/가공식품,즉석식품,간편/즉석식품
C06_FOOD_010,식품,즉석/가공식품,가공식품,김치
C06_FOOD_011,식품,즉석/가공식품,가공식품,축산/수산가공식품
C06_FOOD_012,식품,즉석/가공식품,가공식품,생수/주스/음료
C06_FOOD_013,식품,즉석/가공식품,가공식품,라면/우동/냉면/면류
C06_FOOD_014,식품,즉석/가공식품,가공식품,우유/두유/유가공품
C06_FOOD_015,식품,즉석/가공식품,가공식품,통조림/캔/잼/소스
C06_FOOD_016,식품,즉석/가공식품,가공식품,차/커피/녹차
C06_FOOD_017,식품,즉석/가공식품,가공식품,초콜릿/사탕/껌
C06_FOOD_018,식품,즉석/가공식품,가공식품,과자/제과재료
C06_FOOD_019,식품,즉석/가공식품,가공식품,빵/떡/제빵재료/가루
C06_FOOD_020,식품,즉석/가공식품,가공식품,반찬/젓갈/장/양념
C06_FOOD_021,식품,즉석/가공식품,가공식품,기름/식용유
C06_FOOD_022,식품,즉석/가공식품,가공식품,조미료/향신료
C06_FOOD_023,식품,건강/다이어트식품,건강식품,홍삼/인삼/녹용
C06_FOOD_024,식품,건강/다이어트식품,건강식품,건강즙/엑기스
C06_FOOD_025,식품,건강/다이어트식품,건강식품,슈퍼푸드/환/분말/오일
C06_FOOD_026,식품,건강/다이어트식품,건강식품,건강식품/꿀/로열젤리
C06_FOOD_027,식품,건강/다이어트식품,건강식품,비타민
C06_FOOD_028,식품,건강/다이어트식품,건강식품,기타건강식품
C06_FOOD_029,식품,건강/다이어트식품,다이어트식품,다이어트/헬스/선식
C07_LIFE_001,생활/주방/반려동물,세탁/청소/위생,세탁/청소,세탁/다림용품
C07_LIFE_002,생활/주방/반려동물,세탁/청소/위생,세탁/청소,세탁세제/섬유유연제
C07_LIFE_003,생활/주방/반려동물,세탁/청소/위생,세탁/청소,주방세제
C07_LIFE_004,생활/주방/반려동물,세탁/청소/위생,세탁/청소,세정제/세척제
C07_LIFE_005,생활/주방/반려동물,세탁/청소/위생,세탁/청소,기타청소용품
C07_LIFE_006,생활/주방/반려동물,세탁/청소/위생,실내위생/화장지,화장지/티슈/타올
C07_LIFE_007,생활/주방/반려동물,세탁/청소/위생,실내위생/화장지,방향/탈취/제습제
C07_LIFE_008,생활/주방/반려동물,세탁/청소/위생,실내위생/화장지,살충/해충퇴치용품
C07_LIFE_009,생활/주방/반려동물,세탁/청소/위생,개인위생/목욕/욕실,면도용품/면도기
C07_LIFE_010,생활/주방/반려동물,세탁/청소/위생,개인위생/목욕/욕실,생리대/청결제
C07_LIFE_011,생활/주방/반려동물,세탁/청소/위생,개인위생/목욕/욕실,구강용품/칫솔
C07_LIFE_012,생활/주방/반려동물,세탁/청소/위생,개인위생/목욕/욕실,욕실/목욕용품
C07_LIFE_013,생활/주방/반려동물,수납/생활잡화,수납용품,수납용품/옷걸이
C07_LIFE_014,생활/주방/반려동물,수납/생활잡화,생활잡화,도어락/보안/안전용품
C07_LIFE_015,생활/주방/반려동물,수납/생활잡화,생활잡화,공구/철물/산업재
C07_LIFE_016,생활/주방/반려동물,수납/생활잡화,생활잡화,기타생활잡화
C07_LIFE_017,생활/주방/반려동물,건강/다이어트/실버,건강/다이어트용품,안마/찜질/자극용품
C07_LIFE_018,생활/주방/반려동물,건강/다이어트/실버,건강/다이어트용품,반신욕/사우나/특수매트
C07_LIFE_019,생활/주방/반려동물,건강/다이어트/실버,건강관리/실버용품,건강측정계
C07_LIFE_020,생활/주방/반려동물,건강/다이어트/실버,건강관리/실버용품,손/발/코/호흡기관리
C07_LIFE_021,생활/주방/반려동물,건강/다이어트/실버,건강관리/실버용품,재활/간병용품
C07_LIFE_022,생활/주방/반려동물,건강/다이어트/실버,건강관리/실버용품,건강관리/구급용품
C07_LIFE_023,생활/주방/반려동물,문구/악기/도서/취미,문구,노트/다이어리/달력
C07_LIFE_024,생활/주방/반려동물,문구/악기/도서/취미,문구,파일/바인더/사무용지
C07_LIFE_025,생활/주방/반려동물,문구/악기/도서/취미,문구,사무기기
C07_LIFE_026,생활/주방/반려동물,문구/악기/도서/취미,문구,잉크/토너
C07_LIFE_027,생활/주방/반려동물,문구/악기/도서/취미,문구,필기구/미술용품
C07_LIFE_028,생활/주방/반려동물,문구/악기/도서/취미,문구,사무용품/학용품/기타
C07_LIFE_029,생활/주방/반려동물,문구/악기/도서/취미,악기/음반,건반/현/관/타악기
C07_LIFE_030,생활/주방/반려동물,문구/악기/도서/취미,악기/음반,음반/DVD
C07_LIFE_031,생활/주방/반려동물,문구/악기/도서/취미,도서,문학/실용
C07_LIFE_032,생활/주방/반려동물,문구/악기/도서/취미,도서,인문/교양
C07_LIFE_033,생활/주방/반려동물,문구/악기/도서/취미,도서,학습/교육/원서
C07_LIFE_034,생활/주방/반려동물,문구/악기/도서/취미,취미,취미/키덜트/수집용품
C07_LIFE_035,생활/주방/반려동물,문구/악기/도서/취미,취미,수집용품
C07_LIFE_036,생활/주방/반려동물,문구/악기/도서/취미,취미,원예/조경용품
C07_LIFE_037,생활/주방/반려동물,주방용품,조리도구,후라이팬
C07_LIFE_038,생활/주방/반려동물,주방용품,조리도구,냄비
C07_LIFE_039,생활/주방/반려동물,주방용품,조리도구,솥/뚝배기/조리기
C07_LIFE_040,생활/주방/반려동물,주방용품,조리도구,칼/도마
C07_LIFE_041,생활/주방/반려동물,주방용품,조리도구,기타조리도구
C07_LIFE_042,생활/주방/반려동물,주방용품,저장도구,보관/밀폐용기
C07_LIFE_043,생활/주방/반려동물,주방용품,저장도구,보온/보냉용품
C07_LIFE_044,생활/주방/반려동물,주방용품,식기/수저/컵,식기류
C07_LIFE_045,생활/주방/반려동물,주방용품,식기/수저/컵,수저류
C07_LIFE_046,생활/주방/반려동물,주방용품,식기/수저/컵,컵/잔/다기/주기
C07_LIFE_047,생활/주방/반려동물,주방용품,기타주방용품,커피/와인용품
C07_LIFE_048,생활/주방/반려동물,주방용품,기타주방용품,제수용품
C07_LIFE_049,생활/주방/반려동물,주방용품,기타주방용품,주방용품/잡화
C07_LIFE_050,생활/주방/반려동물,주방용품,기타주방용품,원예식물/비료
C07_LIFE_051,생활/주방/반려동물,반려동물,반려견,푸드/건강관리
C07_LIFE_052,생활/주방/반려동물,반려동물,반려견,위생/외출/목욕/미용
C07_LIFE_053,생활/주방/반려동물,반려동물,반려견,리빙/IOT
C07_LIFE_054,생활/주방/반려동물,반려동물,반려견,장난감/훈련도구/패션
C07_LIFE_055,생활/주방/반려동물,반려동물,반려묘,푸드/건강관리
C07_LIFE_056,생활/주방/반려동물,반려동물,반려묘,위생/외출/목욕/미용
C07_LIFE_057,생활/주방/반려동물,반려동물,반려묘,리빙/IOT
C07_LIFE_058,생활/주방/반려동물,반려동물,반려묘,장난감/훈련도구/패션
C07_LIFE_059,생활/주방/반려동물,반려동물,기타반려동물,관상어용품
C07_LIFE_060,생활/주방/반려동물,반려동물,기타반려동물,기타소동물용품
C07_LIFE_061,생활/주방/반려동물,반려동물,기타반려동물,기타반려생활용품
C08_FNTR_001,가구/인테리어,가구,침대,퀸/킹침대
C08_FNTR_002,가구/인테리어,가구,침대,더블침대
C08_FNTR_003,가구/인테리어,가구,침대,슈퍼싱글침대
C08_FNTR_004,가구/인테리어,가구,침대,싱글침대
C08_FNTR_005,가구/인테리어,가구,침대,돌/흙침대/기타침대
C08_FNTR_006,가구/인테리어,가구,매트리스,스프링매트리스
C08_FNTR_007,가구/인테리어,가구,매트리스,라텍스매트리스
C08_FNTR_008,가구/인테리어,가구,매트리스,메모리폼매트리스
C08_FNTR_009,가구/인테리어,가구,장롱/행거/드레스룸,장롱
C08_FNTR_010,가구/인테리어,가구,장롱/행거/드레스룸,붙박이장
C08_FNTR_011,가구/인테리어,가구,장롱/행거/드레스룸,헹거
C08_FNTR_012,가구/인테리어,가구,장롱/행거/드레스룸,드레스룸
C08_FNTR_013,가구/인테리어,가구,서랍장/화장대/협탁,서랍장
C08_FNTR_014,가구/인테리어,가구,서랍장/화장대/협탁,화장대/콘솔/대형거울
C08_FNTR_015,가구/인테리어,가구,서랍장/화장대/협탁,화장대의자/스툴/협탁
C08_FNTR_016,가구/인테리어,가구,소파/거실의자,가죽소파
C08_FNTR_017,가구/인테리어,가구,소파/거실의자,PU/인조가죽소파
C08_FNTR_018,가구/인테리어,가구,소파/거실의자,패브릭소파
C08_FNTR_019,가구/인테리어,가구,소파/거실의자,리클라이너
C08_FNTR_020,가구/인테리어,가구,소파/거실의자,빈백/소파베드/거실의자
C08_FNTR_021,가구/인테리어,가구,거실장/장식장/테이블,거실장
C08_FNTR_022,가구/인테리어,가구,거실장/장식장/테이블,장식장/진열장
C08_FNTR_023,가구/인테리어,가구,거실장/장식장/테이블,테이블
C08_FNTR_024,가구/인테리어,가구,주방/수납용가구,식탁
C08_FNTR_025,가구/인테리어,가구,주방/수납용가구,식탁의자
C08_FNTR_026,가구/인테리어,가구,주방/수납용가구,수납용가구/선반/신발장
C08_FNTR_027,가구/인테리어,가구,서재용가구,책상
C08_FNTR_028,가구/인테리어,가구,서재용가구,의자
C08_FNTR_029,가구/인테리어,가구,서재용가구,책장/책꽂이
C08_FNTR_030,가구/인테리어,인테리어,침구,이불/담요
C08_FNTR_031,가구/인테리어,인테리어,침구,스프레드/패드/토퍼/요
C08_FNTR_032,가구/인테리어,인테리어,침구,베개/바디필로우
C08_FNTR_033,가구/인테리어,인테리어,침구,이불솜/베개솜
C08_FNTR_034,가구/인테리어,인테리어,침구,커버단품/세트
C08_FNTR_035,가구/인테리어,인테리어,침구,침구세트
C08_FNTR_036,가구/인테리어,인테리어,침구,기타침구
C08_FNTR_037,가구/인테리어,인테리어,커튼/블라인드,커튼/버티컬/가림막
C08_FNTR_038,가구/인테리어,인테리어,커튼/블라인드,블라인드/롤스크린/발
C08_FNTR_039,가구/인테리어,인테리어,커튼/블라인드,커튼봉/액세서리
C08_FNTR_040,가구/인테리어,인테리어,카페트/러그/매트,카페트
C08_FNTR_041,가구/인테리어,인테리어,카페트/러그/매트,러그/대자리/왕골자리
C08_FNTR_042,가구/인테리어,인테리어,카페트/러그/매트,쇼파패드/기타매트류
C08_FNTR_043,가구/인테리어,인테리어,리모델링/시공,벽지/바닥/마루시공
C08_FNTR_044,가구/인테리어,인테리어,리모델링/시공,창호/도어/현관장시공
C08_FNTR_045,가구/인테리어,인테리어,리모델링/시공,주방시공
C08_FNTR_046,가구/인테리어,인테리어,리모델링/시공,욕실/조명/기타시공
C08_FNTR_047,가구/인테리어,인테리어,인테리어소품,인테리어소품/DIY용품
C09_ELEC_001,가전/디지털,가전/제품잡화,TV/음향가전,TV/프로젝터/플레이어
C09_ELEC_002,가전/디지털,가전/제품잡화,TV/음향가전,음향가전/기기
C09_ELEC_003,가전/디지털,가전/제품잡화,주방가전,냉장고/냉동고
C09_ELEC_004,가전/디지털,가전/제품잡화,주방가전,가스/전기레인지
C09_ELEC_005,가전/디지털,가전/제품잡화,주방가전,오븐/전자레인지
C09_ELEC_006,가전/디지털,가전/제품잡화,주방가전,전기밥솥/중탕기
C09_ELEC_007,가전/디지털,가전/제품잡화,주방가전,믹서/분쇄/주서/녹즙기
C09_ELEC_008,가전/디지털,가전/제품잡화,주방가전,전기주전자/요리기/찜기
C09_ELEC_009,가전/디지털,가전/제품잡화,주방가전,제과/제빵/제면/빙수기
C09_ELEC_010,가전/디지털,가전/제품잡화,주방가전,커피머신/기기/정수기
C09_ELEC_011,가전/디지털,가전/제품잡화,주방가전,식품건조기/제조기
C09_ELEC_012,가전/디지털,가전/제품잡화,주방가전,식기세척/음식물처리기
C09_ELEC_013,가전/디지털,가전/제품잡화,생활/계절/이미용가전,청소기
C09_ELEC_014,가전/디지털,가전/제품잡화,생활/계절/이미용가전,세탁기/건조기/탈수기
C09_ELEC_015,가전/디지털,가전/제품잡화,생활/계절/이미용가전,제습기/가습기/공기청정
C09_ELEC_016,가전/디지털,가전/제품잡화,생활/계절/이미용가전,냉방가전/에어컨/선풍기
C09_ELEC_017,가전/디지털,가전/제품잡화,생활/계절/이미용가전,난방가전/히터/보일러
C09_ELEC_018,가전/디지털,가전/제품잡화,생활/계절/이미용가전,다리미/재봉/보풀제거
C09_ELEC_019,가전/디지털,가전/제품잡화,생활/계절/이미용가전,구강청정
C09_ELEC_020,가전/디지털,가전/제품잡화,생활/계절/이미용가전,헤어기기
C09_ELEC_021,가전/디지털,가전/제품잡화,생활/계절/이미용가전,미용기기
C09_ELEC_022,가전/디지털,가전/제품잡화,생활/계절/이미용가전,기타생활가전/잡화
C09_ELEC_023,가전/디지털,디지털/제품잡화,카메라/캠코더/드론,카메라/광학기기
C09_ELEC_024,가전/디지털,디지털/제품잡화,카메라/캠코더/드론,카메라렌즈/잡화
C09_ELEC_025,가전/디지털,디지털/제품잡화,카메라/캠코더/드론,캠코더/액션캠
C09_ELEC_026,가전/디지털,디지털/제품잡화,카메라/캠코더/드론,드론
C09_ELEC_027,가전/디지털,디지털/제품잡화,차량용/사무용기기,내비/블랙박스/하이패스
C09_ELEC_028,가전/디지털,디지털/제품잡화,차량용/사무용기기,차량용주변기기/잡화
C09_ELEC_029,가전/디지털,디지털/제품잡화,차량용/사무용기기,전자사전/어학
C09_ELEC_030,가전/디지털,디지털/제품잡화,차량용/사무용기기,사무기기
C09_ELEC_031,가전/디지털,디지털/제품잡화,휴대/전화용기기,휴대폰/전화기
C09_ELEC_032,가전/디지털,디지털/제품잡화,휴대/전화용기기,휴대폰/태블릿케이스
C09_ELEC_033,가전/디지털,디지털/제품잡화,휴대/전화용기기,휴대폰/태블릿잡화
C09_ELEC_034,가전/디지털,디지털/제품잡화,컴퓨터/주변기기/게임,데스크탑/노트북/태블릿
C09_ELEC_035,가전/디지털,디지털/제품잡화,컴퓨터/주변기기/게임,서버/워크스테이션
C09_ELEC_036,가전/디지털,디지털/제품잡화,컴퓨터/주변기기/게임,저장장치
C09_ELEC_037,가전/디지털,디지털/제품잡화,컴퓨터/주변기기/게임,프린터/복합기/스캐너
C09_ELEC_038,가전/디지털,디지털/제품잡화,컴퓨터/주변기기/게임,컴퓨터주변기기/부품
C09_ELEC_039,가전/디지털,디지털/제품잡화,컴퓨터/주변기기/게임,컴퓨터액세서리/잡화
C09_ELEC_040,가전/디지털,디지털/제품잡화,컴퓨터/주변기기/게임,게임/소프트웨어
C10_TRVL_001,여행/서비스,여행/숙박/항공권,국내,국내여행/패키지
C10_TRVL_002,여행/서비스,여행/숙박/항공권,국내,국내숙박
C10_TRVL_003,여행/서비스,여행/숙박/항공권,국내,국내렌터카
C10_TRVL_004,여행/서비스,여행/숙박/항공권,제주도,제주도여행/패키지
C10_TRVL_005,여행/서비스,여행/숙박/항공권,제주도,제주도항공권
C10_TRVL_006,여행/서비스,여행/숙박/항공권,제주도,제주도숙박
C10_TRVL_007,여행/서비스,여행/숙박/항공권,제주도,제주도렌터카
C10_TRVL_008,여행/서비스,여행/숙박/항공권,해외,해외여행/패키지
C10_TRVL_009,여행/서비스,여행/숙박/항공권,해외,해외항공권
C10_TRVL_010,여행/서비스,여행/숙박/항공권,해외,해외숙박
C10_TRVL_011,여행/서비스,상품권/e쿠폰,라이프/뷰티,백화점/편의점/주유/통신
C10_TRVL_012,여행/서비스,상품권/e쿠폰,라이프/뷰티,건강/뷰티/패션/안경
C10_TRVL_013,여행/서비스,상품권/e쿠폰,라이프/뷰티,영화관람권
C10_TRVL_014,여행/서비스,상품권/e쿠폰,외식/음료/디저트,레스토랑/뷔페
C10_TRVL_015,여행/서비스,상품권/e쿠폰,외식/음료/디저트,식당/프랜차이즈
C10_TRVL_016,여행/서비스,상품권/e쿠폰,외식/음료/디저트,버거/치킨/피자/분식
C10_TRVL_017,여행/서비스,상품권/e쿠폰,외식/음료/디저트,커피/음료/빙수
C10_TRVL_018,여행/서비스,상품권/e쿠폰,외식/음료/디저트,아이스크림/베이커리
C10_TRVL_019,여행/서비스,상품권/e쿠폰,문화/레져,관광지입장권/체험권
C10_TRVL_020,여행/서비스,상품권/e쿠폰,문화/레져,테마파크/아쿠아리움
C10_TRVL_021,여행/서비스,상품권/e쿠폰,문화/레져,스파/워터파크
C10_TRVL_022,여행/서비스,상품권/e쿠폰,웨딩,웨딩/사진
C10_TRVL_023,여행/서비스,렌탈/배달/서비스,렌탈,정수기/커피머신렌탈
C10_TRVL_024,여행/서비스,렌탈/배달/서비스,렌탈,욕실/주방가전렌탈
C10_TRVL_025,여행/서비스,렌탈/배달/서비스,렌탈,가전/컴퓨터렌탈
C10_TRVL_026,여행/서비스,렌탈/배달/서비스,렌탈,가구/이미용/교육렌탈
C10_TRVL_027,여행/서비스,렌탈/배달/서비스,렌탈,자동차/레져렌탈
C10_TRVL_028,여행/서비스,렌탈/배달/서비스,배달,꽃/과일
C10_TRVL_029,여행/서비스,렌탈/배달/서비스,배달,화환/난/화분
C10_TRVL_030,여행/서비스,렌탈/배달/서비스,서비스,이사/설치/무형서비스
